transaction_id,supplier_id,product_id,date_id,city_id,quantity_supplied,cost_amount
1,415,276,101,1,253,79224.16
2,73,392,22,5,269,65285.45
3,391,113,302,1,346,86871.73
4,250,135,92,5,31,17416.61
5,101,16,424,9,396,5313.02
6,208,111,404,3,473,30359.33
7,144,150,113,4,117,84803.38
8,163,360,356,8,220,17062.45
9,487,249,474,7,219,77565.03
10,406,184,132,4,58,93283.56
11,375,141,195,4,391,58273.35
12,121,2,278,7,484,88888.74
13,388,278,331,10,183,28569.93
14,87,53,394,8,250,73668.07
15,72,104,62,3,30,79112.63
16,139,301,298,3,118,51312.0
17,335,63,352,2,266,62261.54
18,32,459,285,10,365,13445.0
19,489,242,188,6,394,31251.98
20,57,307,289,8,183,12295.47
21,284,272,94,9,7,27746.89
22,167,216,191,3,153,89794.32
23,448,59,211,10,93,7930.36
24,226,189,350,8,261,52198.87
25,343,66,137,1,177,54653.27
26,239,57,29,5,341,32148.39
27,177,357,74,7,295,79254.22
28,12,477,134,5,41,61006.66
29,407,244,134,2,160,23548.27
30,293,35,109,6,163,49762.7
31,453,110,318,5,417,7220.0
32,97,474,287,9,253,6701.14
33,362,247,471,9,312,74814.18
34,134,88,12,2,117,21365.08
35,269,199,139,4,302,97005.8
36,28,202,432,9,66,39029.98
37,360,263,271,4,149,71378.03
38,167,378,125,6,130,48935.22
39,403,37,455,6,220,43898.91
40,464,258,499,5,369,68453.89
41,362,48,286,10,471,64475.44
42,499,336,250,6,110,88302.01
43,391,212,183,1,117,13020.03
44,74,460,471,8,195,53122.7
45,395,155,315,4,300,62730.08
46,207,197,345,4,121,66735.8
47,71,365,118,9,487,64420.61
48,87,499,350,1,351,39945.16
49,105,360,138,2,23,7952.32
50,468,178,287,5,113,72782.16
51,268,108,133,8,359,9164.75
52,318,442,443,10,438,49717.87
53,256,53,194,6,117,73316.7
54,39,355,445,4,292,30983.6
55,429,267,386,10,32,7641.05
56,20,412,330,9,193,13808.45
57,381,116,127,7,274,18215.08
58,296,406,426,1,140,68184.32
59,381,6,32,2,441,67085.4
60,201,422,85,10,422,97947.82
61,252,43,151,7,10,35768.39
62,476,254,55,7,254,17480.22
63,491,286,174,9,32,21390.49
64,47,143,28,3,159,8055.52
65,352,345,472,6,361,83268.44
66,442,75,118,9,379,12234.75
67,358,178,88,9,406,89897.71
68,454,259,178,9,493,9601.54
69,342,177,355,5,386,82264.63
70,221,182,129,2,196,23596.78
71,226,288,287,1,107,7192.9
72,11,75,296,5,303,71646.8
73,465,144,195,7,276,5251.75
74,249,58,172,4,160,33278.64
75,327,86,180,2,308,10423.81
76,269,383,191,2,412,16529.84
77,18,491,116,7,353,16913.99
78,346,391,128,5,72,73703.08
79,456,468,175,5,371,97354.7
80,230,445,354,10,392,28235.74
81,11,187,420,6,434,42896.09
82,3,82,382,1,445,40567.03
83,348,135,194,5,337,29395.73
84,167,235,460,3,396,72706.86
85,483,333,343,9,295,30774.68
86,381,322,229,2,445,53869.39
87,213,374,486,10,161,17326.28
88,441,26,101,9,239,85556.49
89,401,150,175,7,473,70300.4
90,114,104,376,1,203,56182.07
91,103,361,153,8,33,63338.12
92,51,213,496,9,47,26315.13
93,395,308,115,8,16,85185.3
94,220,77,184,10,492,16628.88
95,472,39,215,8,60,88709.48
96,405,454,44,1,446,63248.31
97,37,402,166,2,255,94335.23
98,370,391,136,5,56,32375.49
99,14,133,101,7,500,93861.22
100,86,370,154,2,210,65639.16
101,244,168,82,5,130,5948.89
102,332,483,352,2,152,14774.65
103,361,282,110,9,361,61322.42
104,124,69,77,10,453,14032.6
105,109,220,93,2,490,76048.29
106,332,4,433,8,203,68837.27
107,349,56,82,6,74,22797.45
108,300,168,343,6,54,65507.93
109,85,116,343,1,401,58838.37
110,468,447,115,2,77,28401.77
111,148,125,441,7,78,72218.5
112,256,260,268,2,179,28874.18
113,244,258,80,1,23,87149.13
114,262,140,98,5,142,42643.02
115,177,401,7,9,68,52050.68
116,381,385,216,4,184,67826.07
117,390,494,58,2,167,88881.71
118,462,44,46,4,110,48335.89
119,211,500,357,3,495,67215.57
120,28,32,178,3,108,61700.69
121,196,440,321,6,46,11854.42
122,88,300,114,6,5,65124.59
123,21,270,321,7,71,9404.87
124,185,112,438,1,381,53033.04
125,416,425,368,1,269,15120.08
126,356,60,62,5,461,62824.42
127,37,290,288,3,176,73493.48
128,341,372,439,6,94,79649.14
129,151,237,246,2,255,61051.06
130,376,112,413,9,142,98983.29
131,40,473,411,6,236,39190.36
132,104,261,87,2,136,6076.47
133,267,83,8,4,157,82750.05
134,438,167,399,10,96,47971.61
135,346,366,134,10,456,56545.43
136,221,456,277,7,325,85465.37
137,218,74,70,7,237,29889.05
138,30,288,82,7,382,36041.06
139,412,315,126,9,210,14187.47
140,384,476,465,4,183,69770.23
141,130,158,467,1,415,25234.51
142,33,423,240,7,74,86057.59
143,370,30,120,3,330,62975.84
144,282,180,253,5,496,91579.72
145,161,270,201,10,500,10794.52
146,210,34,193,7,190,99212.3
147,36,297,466,9,285,42790.34
148,300,355,230,5,333,56838.04
149,142,32,14,5,384,66154.74
150,452,462,146,10,372,51101.44
151,423,159,257,6,289,55149.39
152,211,106,269,4,82,44629.78
153,126,11,493,9,288,22753.92
154,25,352,298,9,129,97097.07
155,252,89,253,1,379,81104.13
156,458,223,128,2,94,61799.7
157,40,84,105,10,458,10375.28
158,243,444,240,6,51,89998.75
159,354,124,415,1,432,12353.53
160,326,102,309,3,390,79307.26
161,57,138,111,9,240,10589.02
162,118,79,174,1,443,77320.41
163,285,117,190,5,82,85234.78
164,348,110,460,7,388,47726.22
165,452,270,239,2,403,57685.92
166,482,27,197,9,191,84570.22
167,338,364,497,2,217,97215.29
168,347,456,205,1,417,6687.93
169,307,74,389,5,452,17329.8
170,43,434,224,9,469,87093.83
171,15,167,400,5,470,69462.1
172,29,399,118,10,1,30874.6
173,209,489,35,4,62,47287.03
174,475,194,249,4,318,15561.42
175,144,206,434,3,480,7724.69
176,185,452,65,2,498,74538.59
177,49,341,230,2,98,73786.84
178,316,160,286,10,378,70957.36
179,388,396,246,4,271,89022.77
180,314,45,235,7,476,32230.83
181,455,62,404,7,290,45243.69
182,5,254,10,1,278,28804.89
183,151,358,39,6,280,64404.24
184,114,60,27,8,209,65516.61
185,410,292,226,5,418,43738.86
186,478,314,291,7,196,93837.45
187,373,439,68,9,92,51412.25
188,351,149,206,7,131,92176.4
189,97,88,215,3,371,74393.38
190,110,63,193,1,478,94172.01
191,343,98,485,10,194,76981.59
192,92,420,62,6,399,26345.81
193,320,235,277,6,145,70518.08
194,395,110,217,6,72,27651.74
195,421,319,265,2,386,32608.23
196,35,74,478,7,134,26037.28
197,263,190,15,6,370,52155.6
198,336,432,116,6,84,46231.55
199,394,425,459,10,259,91177.91
200,466,377,480,10,8,61347.39
201,312,362,122,1,334,39178.41
202,164,322,318,3,374,64218.42
203,185,45,145,10,223,37445.63
204,176,481,189,8,468,84450.14
205,478,385,414,9,226,13463.02
206,401,111,103,6,282,25777.74
207,245,314,312,6,278,13934.79
208,480,317,479,8,362,87379.83
209,282,462,120,8,290,30846.34
210,84,344,317,7,269,99499.28
211,123,239,185,10,370,19430.84
212,4,205,329,4,253,35796.0
213,195,134,279,4,238,89865.95
214,354,228,246,3,269,65362.31
215,326,84,301,3,53,52006.7
216,88,103,280,10,125,20563.18
217,421,291,89,1,177,80137.69
218,238,321,437,3,64,36637.15
219,18,142,222,10,292,76545.22
220,320,163,179,10,441,60366.5
221,429,264,181,5,460,63583.67
222,384,292,114,5,368,35901.61
223,121,15,50,5,340,12129.47
224,40,51,291,1,395,61555.61
225,487,494,334,8,196,75632.28
226,475,445,428,7,25,59726.15
227,24,367,148,1,355,62110.13
228,17,239,118,7,469,71254.82
229,256,41,223,5,223,9255.88
230,43,297,236,8,81,26250.33
231,240,3,408,2,495,63317.1
232,399,226,27,6,448,17883.83
233,77,115,236,7,159,30677.33
234,192,455,492,4,17,9276.2
235,53,185,340,9,486,25452.04
236,129,280,332,8,390,6101.92
237,206,119,166,9,33,82739.08
238,367,122,132,7,194,60836.88
239,389,434,355,6,442,56935.79
240,270,15,317,6,112,5533.58
241,296,126,250,9,66,85761.8
242,232,28,150,3,105,5006.44
243,185,72,135,8,373,79795.24
244,20,347,306,10,356,25800.38
245,251,454,289,6,280,82919.23
246,494,391,225,10,192,17266.79
247,369,411,34,7,230,56997.29
248,203,99,69,4,357,7798.05
249,171,185,106,6,390,57691.83
250,312,377,467,10,159,17635.51
251,402,444,5,6,333,81579.92
252,188,28,351,4,395,27443.34
253,35,29,211,10,405,16013.98
254,182,146,368,8,389,7889.44
255,294,149,441,6,48,59543.71
256,181,465,173,6,146,67887.14
257,363,162,216,7,334,90008.95
258,190,422,331,7,13,10868.3
259,135,87,101,6,102,42231.82
260,219,22,35,9,60,20494.25
261,219,366,422,5,68,52709.49
262,214,237,394,3,418,27649.73
263,156,48,411,8,76,44048.57
264,33,346,157,1,305,40018.72
265,335,49,86,9,150,70550.3
266,145,91,152,1,88,75481.32
267,24,292,234,5,306,45342.91
268,205,118,160,1,304,28180.75
269,397,154,87,3,245,80492.3
270,178,249,417,10,480,85555.54
271,181,346,50,10,406,56301.62
272,345,43,181,7,201,28709.09
273,310,17,367,9,135,79470.15
274,160,384,349,1,441,38823.25
275,285,344,260,8,321,92276.02
276,287,308,192,9,318,30338.49
277,261,441,390,2,55,94324.73
278,68,257,145,1,238,45651.81
279,331,252,434,7,32,76561.11
280,211,35,102,8,178,24844.91
281,442,289,389,5,365,64356.16
282,191,176,392,6,424,60308.87
283,293,379,59,3,330,44929.04
284,16,283,343,9,399,74865.82
285,476,62,469,4,447,82707.93
286,218,326,395,2,201,74090.79
287,424,308,240,6,467,82244.3
288,248,470,80,4,87,75792.6
289,141,95,1,1,494,19216.66
290,405,425,416,4,351,78378.26
291,411,359,159,10,130,23115.27
292,38,316,303,5,75,14426.11
293,137,50,131,2,41,90656.42
294,290,216,483,5,252,61832.45
295,347,287,305,6,23,21766.23
296,221,459,252,7,350,65440.05
297,222,303,332,7,331,36620.59
298,23,68,450,6,101,18446.61
299,422,475,4,3,229,80951.12
300,86,133,167,4,473,15448.73
301,235,237,482,6,385,96433.05
302,91,437,142,5,134,78333.75
303,421,192,137,4,90,72661.52
304,281,322,98,7,5,27719.12
305,53,31,63,6,472,77161.14
306,451,183,216,5,379,7142.2
307,322,79,52,8,450,57617.51
308,403,183,241,7,113,34519.92
309,232,98,72,10,121,84067.64
310,421,46,373,7,409,77325.49
311,83,397,64,4,136,51344.65
312,209,199,297,6,175,49873.83
313,129,407,282,10,98,11949.84
314,118,424,99,6,350,27293.62
315,403,384,264,10,354,72188.48
316,488,230,418,1,185,11235.65
317,152,162,472,7,424,79789.1
318,123,468,336,6,395,98057.85
319,406,207,458,5,417,12513.16
320,488,67,8,1,137,48500.49
321,148,480,297,2,95,60007.18
322,314,199,334,6,184,82225.82
323,5,412,472,8,314,19257.37
324,490,351,76,1,496,39212.16
325,205,357,204,9,461,84381.26
326,320,163,390,3,460,54227.75
327,202,470,122,9,52,20530.22
328,97,465,57,5,86,87594.58
329,406,383,164,2,44,93931.8
330,243,79,73,6,216,75268.14
331,270,181,210,6,469,97498.05
332,366,214,194,9,104,93020.09
333,191,462,253,2,466,16533.34
334,28,43,337,3,170,43879.04
335,441,101,246,1,267,61704.45
336,455,132,44,2,151,74576.7
337,321,348,212,2,429,55831.04
338,118,64,265,8,331,66673.81
339,496,11,207,10,167,16096.51
340,219,139,128,10,73,43598.0
341,263,2,65,1,78,5651.43
342,45,465,204,1,86,66925.7
343,494,6,451,6,493,20625.18
344,470,226,47,7,493,43376.78
345,263,93,107,6,158,52371.68
346,486,25,349,4,66,68306.01
347,464,342,305,5,39,77507.8
348,221,136,449,1,296,72934.71
349,69,450,316,9,302,58942.88
350,178,210,153,6,11,55233.34
351,457,358,257,6,499,86405.49
352,100,145,330,10,362,87344.19
353,294,473,441,8,256,10878.54
354,117,50,480,5,87,30663.77
355,329,123,104,5,51,92557.29
356,230,34,58,7,97,61301.96
357,246,325,476,1,193,17792.79
358,200,325,305,4,413,11757.53
359,289,56,408,1,234,13971.02
360,194,483,233,9,410,78134.81
361,386,44,163,2,453,26088.77
362,285,497,63,3,250,28081.07
363,193,257,408,3,17,17406.7
364,59,119,253,4,91,61967.31
365,79,498,395,10,329,53818.4
366,24,367,463,9,393,31746.45
367,310,333,316,9,72,67521.83
368,466,360,243,7,294,78889.45
369,162,417,393,4,415,98061.5
370,2,434,155,6,214,50477.68
371,126,453,33,8,188,44233.54
372,66,359,7,2,268,32756.64
373,84,164,293,3,217,79537.06
374,409,256,487,6,90,97360.21
375,477,238,497,5,378,62040.34
376,342,69,470,7,363,66020.05
377,401,496,370,7,267,70467.91
378,5,369,60,5,266,45211.97
379,492,173,30,4,121,25932.99
380,58,384,202,2,404,29331.4
381,4,90,437,3,1,63633.93
382,136,276,420,7,4,65576.6
383,465,102,294,3,85,48881.67
384,346,248,420,10,18,9117.31
385,210,336,42,4,153,88337.28
386,307,468,288,6,300,28209.86
387,315,83,192,5,497,60198.07
388,125,45,336,1,78,75173.67
389,419,397,28,1,92,22512.25
390,325,457,67,7,369,49962.87
391,170,294,457,6,349,5127.12
392,192,165,337,3,295,9507.1
393,224,141,397,3,382,28796.53
394,182,238,66,4,141,67578.68
395,185,142,225,5,176,89234.15
396,350,66,415,9,74,45326.22
397,214,254,457,1,363,7378.62
398,261,268,430,6,68,32808.5
399,183,100,373,8,404,95915.15
400,481,358,244,3,149,15565.85
401,375,182,284,9,59,76792.27
402,127,189,333,7,443,75996.12
403,175,42,129,6,135,61042.71
404,110,466,310,1,82,93434.49
405,45,24,464,8,156,66004.26
406,81,278,382,3,64,96818.04
407,270,289,5,6,198,83482.52
408,281,304,398,3,202,80434.32
409,188,212,431,1,275,95349.86
410,190,79,118,10,311,63619.02
411,95,54,376,3,368,35623.22
412,186,178,275,1,201,14847.87
413,78,257,381,6,411,70955.14
414,496,40,286,2,211,54711.52
415,314,342,269,9,457,41617.55
416,270,203,166,2,45,95225.9
417,302,54,390,5,384,91680.67
418,9,472,259,9,96,40905.11
419,442,117,339,7,163,94821.36
420,153,474,222,6,367,46041.96
421,265,413,130,10,321,24583.23
422,300,477,377,9,118,63961.83
423,123,480,340,6,170,13953.56
424,439,458,170,10,133,19503.24
425,346,225,112,3,56,82355.94
426,65,58,65,5,31,82815.12
427,181,266,218,9,178,27858.3
428,317,372,146,6,385,75951.96
429,2,188,77,8,260,97489.2
430,45,469,7,2,285,95994.95
431,427,120,265,6,337,47229.63
432,443,74,54,1,431,87071.08
433,479,164,153,5,59,57924.83
434,144,54,332,5,358,58654.9
435,293,244,144,5,358,27730.7
436,397,394,358,4,439,41500.13
437,174,122,27,2,484,25412.96
438,231,33,376,2,128,75532.87
439,105,49,262,1,212,65856.2
440,411,250,245,8,298,81425.16
441,14,484,115,9,42,63888.44
442,233,273,476,8,340,31332.5
443,208,316,101,3,215,95490.02
444,398,336,402,3,46,66817.53
445,4,458,213,7,352,50252.04
446,203,210,450,6,132,78869.55
447,179,230,220,10,333,29189.53
448,445,58,481,3,125,82029.04
449,13,252,378,2,165,37137.91
450,243,445,314,3,263,12092.29
451,377,255,10,3,209,79373.46
452,500,186,21,3,441,23141.09
453,449,193,217,7,324,66208.59
454,51,467,374,9,386,30629.7
455,495,194,176,8,57,70117.61
456,416,386,317,1,241,16979.34
457,447,209,40,9,499,64271.27
458,103,107,294,5,257,23241.79
459,429,332,260,3,176,52819.15
460,185,237,137,1,38,87906.56
461,409,56,382,6,225,50165.05
462,355,176,468,6,445,78346.31
463,9,252,135,7,298,18912.6
464,219,317,304,8,318,67429.51
465,359,445,126,2,424,19438.14
466,75,422,214,8,421,78013.71
467,188,482,153,9,400,72835.8
468,309,268,377,4,431,43228.62
469,471,90,346,10,11,49653.82
470,22,464,166,5,476,20999.41
471,263,114,148,3,12,65374.47
472,182,126,241,9,419,91705.22
473,373,229,102,1,144,58240.58
474,370,47,386,6,298,34939.87
475,326,263,52,6,493,43897.38
476,317,407,381,10,102,25736.44
477,370,269,235,10,397,46967.24
478,400,99,84,6,123,52037.22
479,455,164,18,6,486,94370.79
480,17,222,369,1,477,45840.91
481,246,328,461,5,243,86914.1
482,288,292,23,1,259,20848.52
483,155,267,175,4,205,56791.2
484,473,286,340,9,115,61123.98
485,427,5,268,3,312,61403.38
486,27,140,219,7,98,52704.38
487,319,143,180,4,262,77878.98
488,116,367,244,10,201,21422.15
489,83,432,291,2,19,11469.93
490,490,226,7,10,119,18558.39
491,354,189,39,2,10,58506.99
492,293,451,101,2,13,28723.69
493,307,390,437,6,30,75160.96
494,330,490,168,3,443,10971.31
495,435,15,23,8,278,91354.47
496,388,322,280,4,95,95412.64
497,320,165,24,3,52,79636.85
498,211,85,368,2,90,88405.56
499,68,247,458,2,390,40942.59
500,268,489,476,7,214,20161.55
